{
  "mean_reward": 8.458333333333334,
  "crash_rate": 0.2,
  "mean_episode_length": 9.533333333333333
}